INSERT INTO category (id, name, parentCategoryId)
VALUES (1, 'Kleidung', NULL),
       (2, 'Accessoires', NULL),
       (3, 'Shirts', 1),
       (4, 'Sweater', 1),
       (5, 'Taschen', 2),
       (6, 'Caps', 2);

INSERT INTO size (size)
VALUES ('S'),
       ('M'),
       ('L'),
       ('XL'),
       ('XXL');

INSERT INTO color (hex, name)
VALUES ('008000', 'Grün'),
       ('0000FF', 'Blau'),
       ('000000', 'Schwarz'),
       ('FFFFFF', 'Weiß'),
       ('F5F5DC', 'Beige');

INSERT INTO productType (id, categoryId, name, material, price, imgPath, description, collection, careInstructions,
                         origin, extraFields)
VALUES (101, 3, 'Retro Sunburst Tee', '100% Bio-Baumwolle', 35, './images/retro_sunburst.jpg',
        'Weiches Retro-T-Shirt aus Bio-Baumwolle mit Sonnenmuster – perfekt für lässige Sommertage.',
        'Summer Retro 2025', 'Maschinenwäsche bei 30°C, auf links waschen, nicht in den Trockner geben.',
        'Made in Germany', JSON_OBJECT('fabric_weight', '180 g/m²', 'fit', 'Regular Fit')),
       (102, 3, 'Cassette Vibes', '100% Baumwolle', 32, './images/cassette_vibes.jpg',
        'Hochwertiges Baumwollshirt im kultigen Kassetten-Design – für echte 80s-Fans.', 'Summer Retro 2025',
        'Maschinenwäsche bei 30°C, Feinwaschgang empfohlen.', 'Made in Germany',
        JSON_OBJECT('fabric_weight', '190 g/m²', 'fit', 'Loose Fit')),
       (103, 3, 'Pixel Palm Tee', '100% Baumwolle', 37, './images/pixel_palm.jpg',
        'Luftiges Retro-T-Shirt mit 8-Bit-Palmenmotiv – Sommer, Sonne, Nostalgie.', 'Summer Retro 2025',
        'Schonwaschgang bei 30°C, auf links waschen.', 'Made in Germany',
        JSON_OBJECT('fabric_weight', '175 g/m²', 'fit', 'Regular Fit')),
       (104, 3, 'VHS Club Shirt', '100% Bio-Baumwolle', 34, './images/vhs_club.jpg',
        'Oversized Fit im VHS-Design – perfekt für entspannte Vintage-Looks.', 'Summer Retro 2025',
        'Maschinenwäsche kalt, auf links bügeln.', 'Made in Germany',
        JSON_OBJECT('fabric_weight', '200 g/m²', 'fit', 'Oversized Fit')),
       (105, 3, 'Neon Nights Tee', '100% Baumwolle', 37, './images/neon_nights.jpg',
        'Retro-Discofeeling in sanften Farben – dein Essential für laue Sommernächte.', 'Summer Retro 2025',
        'Maschinenwäsche bei 30°C, geringe Schleuderzahl empfohlen.', 'Made in Germany',
        JSON_OBJECT('fabric_weight', '175 g/m²', 'fit', 'Relaxed Fit')),
       (106, 3, 'Analog Mood', '100% Baumwolle', 35, './images/analog_mood.jpg',
        'Schlicht und stilvoll – inspiriert vom Charme alter Polaroids.', 'Summer Retro 2025',
        'Maschinenwäsche bei 30°C, nicht im Trockner trocknen.', 'Made in Germany',
        JSON_OBJECT('fabric_weight', '185 g/m²', 'fit', 'Regular Fit')),
       (107, 3, 'Sunset Radio', '100% Bio-Baumwolle', 39, './images/sunset_radio.jpg',
        'Vintage-Radiodesign trifft weichen Baumwollstoff – perfekt zum Chillen.', 'Summer Retro 2025',
        'Feinwäsche bei 30°C, sanft schleudern.', 'Made in Germany',
        JSON_OBJECT('fabric_weight', '190 g/m²', 'fit', 'Regular Fit')),
       (108, 3, 'Lo-Fi Coastline', '100% Baumwolle', 34, './images/lofi_coastline.jpg',
        'Lässiges Shirt mit Lo-Fi Coastline Print – entspannt, stilvoll, retro.', 'Summer Retro 2025',
        'Maschinenwäsche bei 30°C, auf links drehen.', 'Made in Germany',
        JSON_OBJECT('fabric_weight', '170 g/m²', 'fit', 'Relaxed Fit')),
       (109, 3, 'Synthwave Dreams', '100% Bio-Baumwolle', 39, './images/synthwave_dreams.jpg',
        'Modernes Slim Fit Shirt mit Synthwave-Farben im Retro-Style.', 'Summer Retro 2025',
        'Kaltwäsche empfohlen, nicht bleichen.', 'Made in Germany',
        JSON_OBJECT('fabric_weight', '180 g/m²', 'fit', 'Slim Fit')),
       (110, 3, 'Tape Deck Soul', '100% Baumwolle', 36, './images/tape_deck_soul.jpg',
        'Mixtape-Nostalgie zum Anziehen – lässiges Retro-Tee für echte Musikfans.', 'Summer Retro 2025',
        'Maschinenwäsche bei 30°C, nicht im Trockner trocknen.', 'Made in Germany',
        JSON_OBJECT('fabric_weight', '185 g/m²', 'fit', 'Regular Fit'));

INSERT INTO productType (id, categoryId, name, material, price, imgPath, description, collection, careInstructions,
                         origin, extraFields)
VALUES (201, 4, 'Sunset Fade Crew', '85% Bio-Baumwolle, 15% recyceltes Polyester', 65, './images/sunset_fade.jpg',
        'Weicher Crewneck mit sanftem Farbverlauf – wie ein Sonnenuntergang in Stoffform.', 'Retro Layers 2025',
        'Maschinenwäsche bei 30°C, auf links waschen, nicht bügeln.', 'Made in Germany',
        JSON_OBJECT('fabric_weight', '300 g/m²', 'fit', 'Relaxed Fit')),
       (202, 4, 'Analog Waves Sweater', '100% Bio-Baumwolle', 69, './images/analog_waves.jpg',
        'Wellenprint im Stil alter Audioanzeigen – stylisch und warm zugleich.', 'Retro Layers 2025',
        'Maschinenwäsche bei 30°C, Feinwaschgang empfohlen.', 'Made in Germany',
        JSON_OBJECT('fabric_weight', '290 g/m²', 'fit', 'Oversized Fit')),
       (203, 4, 'Lo-Fi Sunset Pullover', '80% Baumwolle, 20% recyceltes Polyester', 67, './images/lofi_sunset.jpg',
        'Sweater mit Lo-Fi-Print – fühlt sich an wie ein Abend auf Kassette.', 'Retro Layers 2025',
        'Maschinenwäsche bei 30°C, auf links drehen.', 'Made in Germany',
        JSON_OBJECT('fabric_weight', '310 g/m²', 'fit', 'Regular Fit')),
       (204, 4, 'Rewind Club', '100% Bio-Baumwolle', 72, './images/rewind_club.jpg',
        'Statement-Sweater mit REWIND-Print – für echte Vintage-Enthusiasten.', 'Retro Layers 2025',
        'Maschinenwäsche kalt, nicht im Trockner trocknen.', 'Made in Germany',
        JSON_OBJECT('fabric_weight', '320 g/m²', 'fit', 'Oversized Fit')),
       (205, 4, 'Polaroid Echo', '100% Baumwolle', 68, './images/polaroid_echo.jpg',
        'Ein Sweater wie ein altes Foto – mit typischem Farbverlauf und Retro-Flair.', 'Retro Layers 2025',
        'Schonwaschgang bei 30°C, auf links waschen.', 'Made in Germany',
        JSON_OBJECT('fabric_weight', '300 g/m²', 'fit', 'Relaxed Fit')),
       (206, 4, 'Static Memories', '85% Baumwolle, 15% recyceltes Polyester', 63, './images/static_memories.jpg',
        'Leicht strukturierter Sweater im Stil eines alten TV-Rauschens.', 'Retro Layers 2025',
        'Feinwäsche bei 30°C, auf links bügeln.', 'Made in Germany',
        JSON_OBJECT('fabric_weight', '280 g/m²', 'fit', 'Regular Fit')),
       (207, 4, 'Cassette Club Crew', '100% Bio-Baumwolle', 69, './images/cassette_crew.jpg',
        'Kassetten-Grafik auf kuscheligem Baumwollstoff – 90s in modernem Gewand.', 'Retro Layers 2025',
        'Maschinenwäsche bei 30°C, keine Bleichmittel verwenden.', 'Made in Germany',
        JSON_OBJECT('fabric_weight', '300 g/m²', 'fit', 'Loose Fit')),
       (208, 4, 'Fade-In Pullover', '100% Baumwolle', 65, './images/fadein_pullover.jpg',
        'Minimalistischer Sweater mit subtilem Farbverlauf – clean und retro zugleich.', 'Retro Layers 2025',
        'Maschinenwäsche bei 30°C, kein Weichspüler.', 'Made in Germany',
        JSON_OBJECT('fabric_weight', '310 g/m²', 'fit', 'Regular Fit')),
       (209, 4, 'Stereo Sunset', '80% Bio-Baumwolle, 20% recyceltes Polyester', 70, './images/stereo_sunset.jpg',
        'Oversized Sweater mit grafischem Sunset-Stick – retro und cozy.', 'Retro Layers 2025',
        'Maschinenwäsche kalt, auf links bügeln.', 'Made in Germany',
        JSON_OBJECT('fabric_weight', '305 g/m²', 'fit', 'Oversized Fit')),
       (210, 4, 'Tracklist Vibes', '100% Bio-Baumwolle', 70, './images/tracklist_vibes.jpg',
        'Sweater mit aufgedruckter Tracklist – wie ein Mixtape für kalte Tage.', 'Retro Layers 2025',
        'Waschen bei 30°C, auf links drehen, nicht in den Trockner geben.', 'Made in Germany',
        JSON_OBJECT('fabric_weight', '300 g/m²', 'fit', 'Relaxed Fit'));

INSERT INTO productType (id, categoryId, name, material, price, imgPath, description, collection, careInstructions,
                         origin, extraFields)
VALUES (301, 5, 'Metro Loop Bag', 'Gewachste Baumwolle', 59.90, './images/metro_loop.jpg',
        'Schlichte Umhängetasche im Metro-Design – wasserabweisend und stilvoll zugleich.', 'Urban Heritage 2025',
        'Mit feuchtem Tuch reinigen, nicht waschen.', 'Made in Germany',
        JSON_OBJECT('volume', '14 Liter', 'closure', 'Magnetverschluss', 'straps', 'Verstellbarer Schulterriemen',
                    'compartments', '1 Hauptfach, 1 Reißverschluss-Innenfach')),
       (302, 5, 'Cassette Messenger', 'Recyceltes Polyester', 69.00, './images/cassette_messenger.jpg',
        'Messenger Bag im 90s Kassettenstil – urbaner Klassiker mit moderner Funktion.', 'Urban Heritage 2025',
        'Oberfläche mit feuchtem Tuch reinigen.', 'Made in Germany',
        JSON_OBJECT('volume', '16 Liter', 'closure', 'Klett und Schnalle', 'straps', 'Schulterriemen gepolstert',
                    'compartments', 'Laptopfach, Organizer, Frontfach')),
       (303, 5, 'Lo-Fi Backpack', 'Canvas & veganes Leder', 79.00, './images/lofi_backpack.jpg',
        'Retro-Rucksack mit Lo-Fi Patch – robust und stylisch für unterwegs.', 'Urban Heritage 2025',
        'Nicht waschen, punktuell reinigen.', 'Made in Germany',
        JSON_OBJECT('volume', '18 Liter', 'closure', 'Kordelzug & Magnetklappe', 'straps', 'Verstellbare Canvas-Träger',
                    'compartments', 'Großes Hauptfach, Innenfach mit Reißverschluss')),
       (304, 5, 'Polaroid Pocket Tote', '100% Baumwoll-Canvas', 39.90, './images/polaroid_tote.jpg',
        'Tote Bag mit Polaroid-Stickerei – leicht, geräumig, retro.', 'Urban Heritage 2025', 'Handwäsche empfohlen.',
        'Made in Germany',
        JSON_OBJECT('volume', '10 Liter', 'closure', 'Offen mit Innendruckknopf', 'straps', 'Tragehenkel',
                    'compartments', '1 Hauptfach, 2 Steckfächer innen')),
       (305, 5, 'Tape Deck Sling', 'Recyceltes Nylon', 42.00, './images/tape_deck_sling.jpg',
        'Kompakte Sling Bag mit Tape-Design – ideal für unterwegs.', 'Urban Heritage 2025',
        'Feucht abwischen, nicht bügeln.', 'Made in Germany',
        JSON_OBJECT('volume', '6 Liter', 'closure', 'Reißverschluss', 'straps', 'Crossbody verstellbar', 'compartments',
                    'Hauptfach, Frontfach mit Reißverschluss')),
       (306, 5, 'Analog Track Tote', 'Canvas & veganes Leder', 59.50, './images/analog_track.jpg',
        'Große Tote Bag im Analog-Stil – klassisch und vielseitig.', 'Urban Heritage 2025',
        'Nicht waschen, feucht reinigen.', 'Made in Germany',
        JSON_OBJECT('volume', '12 Liter', 'closure', 'Magnetverschluss', 'straps', 'Tragegriffe + Schultergurt',
                    'compartments', '1 Hauptfach, Laptopfach innen')),
       (307, 5, 'Sunset Radio Pouch', 'Baumwoll-Canvas', 24.90, './images/sunset_pouch.jpg',
        'Kleine Pouch mit Radiodetail – perfekt für Essentials oder als Accessoire.', 'Urban Heritage 2025',
        'Handwäsche, nicht schleudern.', 'Made in Germany',
        JSON_OBJECT('volume', '2 Liter', 'closure', 'Reißverschluss', 'straps', 'Ohne – als Etui oder Clutch',
                    'compartments', '1 Innenfach')),
       (308, 5, 'VHS Days Rucksack', 'Robustes Nylon & Baumwolle', 82.00, './images/vhs_days.jpg',
        'Großer Rucksack mit VHS-Grafik – viel Platz und viel Stil.', 'Urban Heritage 2025',
        'Nicht waschen, feucht reinigen.', 'Made in Germany',
        JSON_OBJECT('volume', '20 Liter', 'closure', 'Zweiwege-Reißverschluss', 'straps', 'Gepolsterte Schultergurte',
                    'compartments', 'Laptopfach, Organizer-Fach vorne')),
       (309, 5, 'Neon Fade Crossbody', 'Recyceltes Nylon', 44.00, './images/neon_crossbody.jpg',
        'Funktionale Crossbody Bag mit leuchtendem Retro-Patch.', 'Urban Heritage 2025', 'Mit feuchtem Tuch abwischen.',
        'Made in Germany',
        JSON_OBJECT('volume', '5 Liter', 'closure', 'Zipper', 'straps', 'Verstellbarer Crossbody-Riemen',
                    'compartments', '2 Fächer mit Reißverschluss')),
       (310, 5, 'Lo-Fi Club Rolltop', 'Canvas mit PU-Beschichtung', 89.00, './images/lofi_rolltop.jpg',
        'Rolltop-Backpack mit Retro-Details – für Alltag und Abenteuer.', 'Urban Heritage 2025',
        'Punktuell mit weichem Tuch reinigen.', 'Made in Germany',
        JSON_OBJECT('volume', '22 Liter (erweiterbar)', 'closure', 'Rolltop mit Gurtverschluss', 'straps',
                    'Gepolsterte, ergonomische Träger', 'compartments', 'Großes Hauptfach, gepolstertes Laptopfach'));


INSERT INTO productType (id, categoryId, name, material, price, imgPath, description, collection, careInstructions,
                         origin, extraFields)
VALUES (401, 6, 'Waveform Classic Cap', '100% Baumwoll-Twill', 29.90, './images/waveform_classic.jpg',
        'Schlichte 90s-Cap mit hochwertiger Stickerei – understated und retro.', 'Headlines 2025',
        'Nur Handwäsche, nicht bleichen.', 'Made in Germany',
        JSON_OBJECT('visor', 'Gebogener Schirm', 'closure', 'Metallschnalle hinten', 'design',
                    'Ton-in-Ton Stickerei vorn', 'ventilation', 'Bestickte Ösen')),
       (402, 6, 'VHS Snap Cap', 'Canvas & Mesh', 32.00, './images/vhs_snapcap.jpg',
        'Trucker Cap mit klassischem VHS-Patch – perfekt für sonnige Tage.', 'Headlines 2025',
        'Nur punktuell reinigen.', 'Made in Germany',
        JSON_OBJECT('visor', 'Flacher Schirm', 'closure', 'Snapback', 'design', 'Retro-Patch vorn, Mesh hinten',
                    'ventilation', 'Mesh-Rückseite')),
       (403, 6, 'Cassette Curve', '100% Baumwolle', 31.50, './images/cassette_curve.jpg',
        'Lässige Cap mit ikonischem Kassettendesign – 80s-Vibes pur.', 'Headlines 2025', 'Handwäsche, nicht bügeln.',
        'Made in Germany', JSON_OBJECT('visor', 'Gebogener Schirm', 'closure', 'Klettverschluss', 'design',
                                       'Kassetten-Stickerei auf der Front', 'ventilation', 'Bestickte Luftösen')),
       (404, 6, 'Analog Sun Visor', 'Canvas & Baumwolle', 27.90, './images/analog_visor.jpg',
        'Retro-Sonnenvisier für heiße Tage – leicht und stylisch.', 'Headlines 2025', 'Nur Handwäsche.',
        'Made in Germany', JSON_OBJECT('visor', 'Gebogener Schirm', 'closure', 'Klettverschluss', 'design',
                                       'Minimalistisches Logo-Stick vorne', 'ventilation', 'Offen (Visor-Stil)')),
       (405, 6, 'Lo-Fi Script Cap', 'Cord', 34.00, './images/lofi_script.jpg',
        'Cord-Cap im 90s-Look mit edler Lo-Fi Stickerei.', 'Headlines 2025', 'Nicht waschen, punktuell reinigen.',
        'Made in Germany', JSON_OBJECT('visor', 'Flacher Schirm', 'closure', 'Metallschnalle', 'design',
                                       'Lo-Fi-Stickerei mit Retro-Schriftzug', 'ventilation', 'Gestickte Ösen')),
       (406, 6, 'Neon Fade Snap', 'Recycelter Baumwoll-Mix', 30.00, './images/neon_fade_snap.jpg',
        'Cap mit Neon-Touch – zurückhaltend aber nicht langweilig.', 'Headlines 2025', 'Feucht abwischen.',
        'Made in Germany',
        JSON_OBJECT('visor', 'Gebogener Schirm', 'closure', 'Snapback', 'design', 'Kleines Neon-Detail an der Seite',
                    'ventilation', 'Mesh hinten')),
       (407, 6, 'Sunset Patch Cap', 'Canvas', 33.50, './images/sunset_patch.jpg',
        'Capsule-Feeling in Cap-Form – für Retro-Sommer-Abende.', 'Headlines 2025', 'Handwäsche, lufttrocknen.',
        'Made in Germany',
        JSON_OBJECT('visor', 'Gebogener Schirm', 'closure', 'Metallschnalle', 'design', 'Sonnenuntergangs-Patch vorne',
                    'ventilation', 'Ösen')),
       (408, 6, 'Pixel Palm Trucker', 'Polyester-Mesh & Baumwoll-Front', 32.90, './images/pixel_palm_trucker.jpg',
        'Trucker Cap mit digitaler Retro-Palme – ikonisch und luftig.', 'Headlines 2025',
        'Nicht in der Maschine waschen.', 'Made in Germany',
        JSON_OBJECT('visor', 'Flach', 'closure', 'Snapback', 'design', '8-Bit Palmen Stickerei', 'ventilation',
                    'Voll-Mesh Rückseite')),
       (409, 6, 'Tape Deck Dad Hat', '100% Baumwoll-Twill', 29.00, './images/tape_dad_hat.jpg',
        'Zeitlose Dad Hat mit subtilem Tape-Stitch – einfach tragbar.', 'Headlines 2025',
        'Feucht abwischen, nicht bleichen.', 'Made in Germany',
        JSON_OBJECT('visor', 'Gebogen', 'closure', 'Metallschnalle', 'design', 'Minimalistisches Tape-Stitch vorn',
                    'ventilation', 'Gestickte Ösen')),
       (410, 6, 'Clubhouse Cord Cap', 'Breitcord', 35.50, './images/clubhouse_cord.jpg',
        'Exklusive Cord-Cap mit dezentem Branding – retro pur.', 'Headlines 2025',
        'Nicht waschen, mit weichem Tuch reinigen.', 'Made in Germany',
        JSON_OBJECT('visor', 'Flacher Schirm', 'closure', 'Versteckte Klettleiste', 'design', 'Sticklogo „vestis.“',
                    'ventilation', 'Keine Ösen (klassischer Look)'));

-- Retro Sunburst Tee (productTypeId = 101)
INSERT INTO product (productTypeId, sizeId, colorId)
VALUES (101, 2, 1),
       (101, 2, 1),
       (101, 2, 1),
       (101, 2, 1),
       (101, 2, 1),
       (101, 3, 2),
       (101, 3, 2),
       (101, 3, 2),
       (101, 3, 2),
       (101, 3, 2),
       (101, 3, 2),
       (101, 3, 2),
       (101, 4, 3),
       (101, 4, 3),
       (101, 4, 3),
       (101, 4, 3),
       (101, 1, 1),
       (101, 1, 1),
       (101, 5, 4);

-- Synthwave Dreams Tee (productTypeId = 109)
INSERT INTO product (productTypeId, sizeId, colorId)
VALUES (109, 2, 2),
       (109, 2, 2),
       (109, 2, 2),
       (109, 2, 2),
       (109, 2, 2),
       (109, 3, 1),
       (109, 3, 1),
       (109, 3, 1),
       (109, 3, 1),
       (109, 4, 3),
       (109, 4, 3),
       (109, 4, 3),
       (109, 5, 5),
       (109, 5, 5);

-- Sunset Fade Crew (Sweater, productTypeId = 201)
INSERT INTO product (productTypeId, sizeId, colorId)
VALUES (201, 2, 1),
       (201, 2, 1),
       (201, 2, 1),
       (201, 2, 1),
       (201, 3, 2),
       (201, 3, 2),
       (201, 3, 2),
       (201, 3, 2),
       (201, 3, 2),
       (201, 4, 3),
       (201, 4, 3),
       (201, 5, 4),
       (201, 1, 5);

-- Metro Loop Bag (productTypeId = 301) – feste Größe, nehmen wir hier Größe M (sizeId = 2)
INSERT INTO product (productTypeId, sizeId, colorId)
VALUES (301, 2, 3),
       (301, 2, 3),
       (301, 2, 3),
       (301, 2, 3),
       (301, 2, 3),
       (301, 2, 3),
       (301, 2, 5),
       (301, 2, 5),
       (301, 2, 5),
       (301, 2, 5);

-- Waveform Classic Cap (productTypeId = 401) – feste Größe, z. B. Größe L (sizeId = 3)
INSERT INTO product (productTypeId, sizeId, colorId)
VALUES (401, 3, 2),
       (401, 3, 2),
       (401, 3, 2),
       (401, 3, 2),
       (401, 3, 2),
       (401, 3, 4),
       (401, 3, 4),
       (401, 3, 4);

INSERT INTO allowedColor (productTypeId, colorId)
VALUES (101, 1),
       (101, 2),
       (101, 3),
       (101, 4),
       (101, 5),
       (102, 1),
       (102, 2),
       (102, 3),
       (102, 4),
       (102, 5),
       (103, 1),
       (103, 2),
       (103, 3),
       (103, 4),
       (103, 5),
       (104, 1),
       (104, 2),
       (104, 3),
       (104, 4),
       (104, 5),
       (105, 1),
       (105, 2),
       (105, 3),
       (105, 4),
       (105, 5),
       (106, 1),
       (106, 2),
       (106, 3),
       (106, 4),
       (106, 5),
       (107, 1),
       (107, 2),
       (107, 3),
       (107, 4),
       (107, 5),
       (108, 1),
       (108, 2),
       (108, 3),
       (108, 4),
       (108, 5),
       (109, 1),
       (109, 2),
       (109, 3),
       (109, 4),
       (109, 5),
       (110, 1),
       (110, 2),
       (110, 3),
       (110, 4),
       (110, 5),
       (201, 1),
       (201, 2),
       (201, 3),
       (201, 4),
       (201, 5),
       (202, 1),
       (202, 2),
       (202, 3),
       (202, 4),
       (202, 5),
       (203, 1),
       (203, 2),
       (203, 3),
       (203, 4),
       (203, 5),
       (204, 1),
       (204, 2),
       (204, 3),
       (204, 4),
       (204, 5),
       (205, 1),
       (205, 2),
       (205, 3),
       (205, 4),
       (205, 5),
       (206, 1),
       (206, 2),
       (206, 3),
       (206, 4),
       (206, 5),
       (207, 1),
       (207, 2),
       (207, 3),
       (207, 4),
       (207, 5),
       (208, 1),
       (208, 2),
       (208, 3),
       (208, 4),
       (208, 5),
       (209, 1),
       (209, 2),
       (209, 3),
       (209, 4),
       (209, 5),
       (210, 1),
       (210, 2),
       (210, 3),
       (210, 4),
       (210, 5),
       (301, 1),
       (301, 2),
       (301, 3),
       (301, 4),
       (301, 5),
       (302, 1),
       (302, 2),
       (302, 3),
       (302, 4),
       (302, 5),
       (303, 1),
       (303, 2),
       (303, 3),
       (303, 4),
       (303, 5),
       (304, 1),
       (304, 2),
       (304, 3),
       (304, 4),
       (304, 5),
       (305, 1),
       (305, 2),
       (305, 3),
       (305, 4),
       (305, 5),
       (306, 1),
       (306, 2),
       (306, 3),
       (306, 4),
       (306, 5),
       (307, 1),
       (307, 2),
       (307, 3),
       (307, 4),
       (307, 5),
       (308, 1),
       (308, 2),
       (308, 3),
       (308, 4),
       (308, 5),
       (309, 1),
       (309, 2),
       (309, 3),
       (309, 4),
       (309, 5),
       (310, 1),
       (310, 2),
       (310, 3),
       (310, 4),
       (310, 5),
       (401, 1),
       (401, 2),
       (401, 3),
       (401, 4),
       (401, 5),
       (402, 1),
       (402, 2),
       (402, 3),
       (402, 4),
       (402, 5),
       (403, 1),
       (403, 2),
       (403, 3),
       (403, 4),
       (403, 5),
       (404, 1),
       (404, 2),
       (404, 3),
       (404, 4),
       (404, 5),
       (405, 1),
       (405, 2),
       (405, 3),
       (405, 4),
       (405, 5),
       (406, 1),
       (406, 2),
       (406, 3),
       (406, 4),
       (406, 5),
       (407, 1),
       (407, 2),
       (407, 3),
       (407, 4),
       (407, 5),
       (408, 1),
       (408, 2),
       (408, 3),
       (408, 4),
       (408, 5),
       (409, 1),
       (409, 2),
       (409, 3),
       (409, 4),
       (409, 5),
       (410, 1),
       (410, 2),
       (410, 3),
       (410, 4),
       (410, 5);

INSERT INTO allowedSize (productTypeId, sizeId)
VALUES (101, 1),
       (101, 2),
       (101, 3),
       (101, 4),
       (101, 5),
       (102, 1),
       (102, 2),
       (102, 3),
       (102, 4),
       (102, 5),
       (103, 1),
       (103, 2),
       (103, 3),
       (103, 4),
       (103, 5),
       (104, 1),
       (104, 2),
       (104, 3),
       (104, 4),
       (104, 5),
       (105, 1),
       (105, 2),
       (105, 3),
       (105, 4),
       (105, 5),
       (106, 1),
       (106, 2),
       (106, 3),
       (106, 4),
       (106, 5),
       (107, 1),
       (107, 2),
       (107, 3),
       (107, 4),
       (107, 5),
       (108, 1),
       (108, 2),
       (108, 3),
       (108, 4),
       (108, 5),
       (109, 1),
       (109, 2),
       (109, 3),
       (109, 4),
       (109, 5),
       (110, 1),
       (110, 2),
       (110, 3),
       (110, 4),
       (110, 5),
       (201, 1),
       (201, 2),
       (201, 3),
       (201, 4),
       (201, 5),
       (202, 1),
       (202, 2),
       (202, 3),
       (202, 4),
       (202, 5),
       (203, 1),
       (203, 2),
       (203, 3),
       (203, 4),
       (203, 5),
       (204, 1),
       (204, 2),
       (204, 3),
       (204, 4),
       (204, 5),
       (205, 1),
       (205, 2),
       (205, 3),
       (205, 4),
       (205, 5),
       (206, 1),
       (206, 2),
       (206, 3),
       (206, 4),
       (206, 5),
       (207, 1),
       (207, 2),
       (207, 3),
       (207, 4),
       (207, 5),
       (208, 1),
       (208, 2),
       (208, 3),
       (208, 4),
       (208, 5),
       (209, 1),
       (209, 2),
       (209, 3),
       (209, 4),
       (209, 5),
       (210, 1),
       (210, 2),
       (210, 3),
       (210, 4),
       (210, 5),
       (301, 1),
       (301, 2),
       (301, 3),
       (301, 4),
       (301, 5),
       (302, 1),
       (302, 2),
       (302, 3),
       (302, 4),
       (302, 5),
       (303, 1),
       (303, 2),
       (303, 3),
       (303, 4),
       (303, 5),
       (304, 1),
       (304, 2),
       (304, 3),
       (304, 4),
       (304, 5),
       (305, 1),
       (305, 2),
       (305, 3),
       (305, 4),
       (305, 5),
       (306, 1),
       (306, 2),
       (306, 3),
       (306, 4),
       (306, 5),
       (307, 1),
       (307, 2),
       (307, 3),
       (307, 4),
       (307, 5),
       (308, 1),
       (308, 2),
       (308, 3),
       (308, 4),
       (308, 5),
       (309, 1),
       (309, 2),
       (309, 3),
       (309, 4),
       (309, 5),
       (310, 1),
       (310, 2),
       (310, 3),
       (310, 4),
       (310, 5),
       (401, 1),
       (401, 2),
       (401, 3),
       (401, 4),
       (401, 5),
       (402, 1),
       (402, 2),
       (402, 3),
       (402, 4),
       (402, 5),
       (403, 1),
       (403, 2),
       (403, 3),
       (403, 4),
       (403, 5),
       (404, 1),
       (404, 2),
       (404, 3),
       (404, 4),
       (404, 5),
       (405, 1),
       (405, 2),
       (405, 3),
       (405, 4),
       (405, 5),
       (406, 1),
       (406, 2),
       (406, 3),
       (406, 4),
       (406, 5),
       (407, 1),
       (407, 2),
       (407, 3),
       (407, 4),
       (407, 5),
       (408, 1),
       (408, 2),
       (408, 3),
       (408, 4),
       (408, 5),
       (409, 1),
       (409, 2),
       (409, 3),
       (409, 4),
       (409, 5),
       (410, 1),
       (410, 2),
       (410, 3),
       (410, 4),
       (410, 5);